{"loss": [24286940.83296943, 13367779.254452055, 16189021.894263698, 11521285.747773973, 10967788.15625, 12160349.019092467, 12296241.997773973, 13563139.580222603, 12647794.175599314, 10610313.694863014, 9967865.748030823, 10529128.148159247, 8977574.426284246, 9740316.173244864, 8368322.367679794, 9451687.606260702, 10456575.712264555, 9348677.233454624, 8019918.267251712, 8527340.094916524, 8222516.351220034, 9132110.673159247, 10433507.754457407, 10004590.514625696], "mae": [5071.777532452579, 4530.272182684075, 5328.881693800835, 5296.890752755779, 5359.816651393942, 5499.291071810788, 5554.921305784461, 5627.104052734375, 5656.079533323523, 5743.095077054794, 5765.5073369274405, 5875.4978896885705, 5825.022377996575, 5935.73159380351, 5913.22195994756, 6086.29839067851, 6098.254120291096, 6069.451637414383, 6055.823841502569, 6110.5365267818925, 6199.390931346318, 6289.906898143194, 6369.296440897902, 6305.849508374358], "mean_q": [8859.733594602892, 1410.3940777530408, 310.0885402940724, 369.30417915762285, 329.04260792144356, 183.035348931404, 113.10292332401015, 143.50304738920028, 68.55981731480115, 28.34459057180849, 21.851135408551727, 13.56783980033169, 6.768036704928908, 6.518315930603301, 5.82894781983062, -0.008376292496511381, 5.177301173993986, 3.644579176910936, -2.1786373466661533, 0.10759277098799405, -1.53922641595749, 5.861844384915208, 7.173072633433016, 9.37449516000813], "mean_eps": [0.9446499999999991, 0.901495000000008, 0.8357950000000078, 0.7700950000000046, 0.7043950000000004, 0.6386950000000011, 0.572995000000002, 0.5072950000000022, 0.4415950000000022, 0.3758950000000017, 0.3101950000000005, 0.24449500000000016, 0.17879500000000023, 0.11606499999999835, 0.10000000000000017, 0.10000000000000017, 0.10000000000000017, 0.10000000000000017, 0.10000000000000017, 0.10000000000000017, 0.10000000000000017, 0.10000000000000017, 0.10000000000000017, 0.10000000000000017], "episode_reward": [-4887931.400847676, -4483797.427701058, -4019901.146813617, -3666192.528439139, -3514524.275099103, -3287132.2359592672, -2952252.0756329293, -2550950.0030780174, -2316313.500780017, -1975786.3060764684, -1671333.614320987, -1242098.3559213271, -1033771.9067041387, -798694.9463108988, -594616.634468089, -742405.983951907, -689558.3779593306, -693505.1583544812, -483246.48026697815, -788146.1231846857, -526140.3935263827, -578834.2631089407, -668926.9956252985, -708394.8902551734], "nb_episode_steps": [730, 730, 730, 730, 730, 730, 730, 730, 730, 730, 730, 730, 730, 730, 730, 730, 730, 730, 730, 730, 730, 730, 730, 730], "nb_steps": [730, 1460, 2190, 2920, 3650, 4380, 5110, 5840, 6570, 7300, 8030, 8760, 9490, 10220, 10950, 11680, 12410, 13140, 13870, 14600, 15330, 16060, 16790, 17520], "episode": [0, 1, 2, 3, 4, 5, 6, 7, 8, 9, 10, 11, 12, 13, 14, 15, 16, 17, 18, 19, 20, 21, 22, 23], "duration": [2.6201626999973087, 4.085934000002453, 5.470294099999592, 5.259265999993659, 4.161919599995599, 4.123717599999509, 4.546946699992986, 4.129552799990051, 4.301209900004324, 4.311538199995994, 4.3350571999908425, 4.916501600004267, 6.722508999999263, 5.097695400007069, 4.549976499998593, 4.346896000002744, 4.296136299992213, 4.78411180000694, 4.227841300002183, 4.181041100004222, 4.258198399998946, 4.177791900001466, 4.529025399999227, 4.532624899991788]}