{"loss": [NaN, 8.359422245400442, 11.864326784708728, 8.207088569745626, 8.411866743270664, 8.39674950495158, 8.435559763320505, 8.586334091343291, 8.059404554758986, 8.130037561508074, 8.321675462592138, 8.449146158727881, 8.394305868018163], "mae": [NaN, 5.8638151639413625, 5.934704434381772, 6.098185758721338, 6.124095348462666, 6.16103406932256, 6.272501203458603, 6.353455563114114, 6.525445599751929, 6.586347287321744, 6.640750683823677, 6.659203197531504, 6.800078624568574], "mean_q": [NaN, 2.7385782143955146, 2.6653736486826856, 2.5204632687242063, 2.451485202083849, 2.3207343264801863, 2.1907748108040797, 2.0778945945713616, 1.9592929213014367, 1.840867892356768, 1.7222092452114575, 1.6350500671830897, 1.5267385701610618], "mean_eps": [NaN, 0.9446499999999991, 0.9179200000000054, 0.8850700000000049, 0.8522200000000044, 0.8193700000000023, 0.7865199999999991, 0.7536699999999981, 0.720819999999999, 0.6879699999999996, 0.6551199999999993, 0.6222699999999998, 0.5894200000000012], "episode_reward": [-3150.61418927658, -3196.4102375891866, -2921.475146603397, -2690.75958493097, -2545.6253519680386, -2296.334715161832, -2621.88238070594, -2367.434616411168, -2241.0583803946042, -1850.217491246039, -2059.919646054643, -1923.7256395445193, -1704.8944356217853], "nb_episode_steps": [365, 365, 365, 365, 365, 365, 365, 365, 365, 365, 365, 365, 365], "nb_steps": [365, 730, 1095, 1460, 1825, 2190, 2555, 2920, 3285, 3650, 4015, 4380, 4745], "episode": [0, 1, 2, 3, 4, 5, 6, 7, 8, 9, 10, 11, 12], "duration": [0.41048780000710394, 1.723631100001512, 2.523705500003416, 2.3913883000059286, 2.4838323000003584, 2.4108351999893785, 2.367347499995958, 2.407263899993268, 2.428543300004094, 2.390174100000877, 2.3744218000065302, 2.317021199996816, 2.582883499999298]}