{"loss": [NaN, 11374788.50948417], "mae": [NaN, 6208.07076666553], "mean_q": [NaN, 7.1955661877794554], "mean_eps": [NaN, 0.9446499999999991], "episode_reward": [-2736130.130578884, -2477054.336186407], "nb_episode_steps": [365, 365], "nb_steps": [365, 730], "episode": [0, 1], "duration": [0.372736299992539, 1.6873559999949066]}