{"loss": [NaN, 12359540.422489082], "mae": [NaN, 6206.548975249045], "mean_q": [NaN, 11.252169469818798], "mean_eps": [NaN, 0.9446499999999991], "episode_reward": [-2651190.884076915, -2621608.497995816], "nb_episode_steps": [365, 365], "nb_steps": [365, 730], "episode": [0, 1], "duration": [0.42829659998824354, 1.5755853000009665]}