{"loss": [NaN, 14632584.434088428], "mae": [NaN, 6477.045725726665], "mean_q": [NaN, 4.977623353879004], "mean_eps": [NaN, 0.9446499999999991], "episode_reward": [-2726227.6561038825, -2721602.229883914], "nb_episode_steps": [365, 365], "nb_steps": [365, 730], "episode": [0, 1], "duration": [0.6598191999946721, 1.5835152999934508]}