{"loss": [NaN, 12148057.114219433], "mae": [NaN, 6367.1737513646285], "mean_q": [NaN, 6.402196208462445], "mean_eps": [NaN, 0.9446499999999991], "episode_reward": [-2634218.336967473, -2692679.9021187946], "nb_episode_steps": [365, 365], "nb_steps": [365, 730], "episode": [0, 1], "duration": [0.4964276999962749, 1.8196624999982305]}