{"loss": [10803005.301160062, 3437207.9137842464, 4407231.185787671, 4084403.816181507, 3993095.273458904, 3801696.665432363, 3416754.03520976, 3373978.1774400687, 3264862.3598030824, 3197605.7235873286, 3094191.957063356, 2977872.6987371575, 2963109.110124144, 2953992.233583048, 3061799.5168236303], "mae": [8083.91934932832, 2204.577641902558, 2011.5524807864672, 2207.572226161173, 2372.6181669888433, 2401.999171176022, 2304.8610436008403, 2303.862200760515, 2247.4148116438355, 2180.228389457807, 2203.616265618311, 2153.590099679607, 2165.9885893521246, 2149.0628142892497, 2236.9996355448684], "mean_q": [11655.668983244672, 3440.697623140518, 2975.513521544574, 3267.8103241384847, 3570.929715091235, 3675.229669941941, 3548.781627414651, 3614.7772385688677, 3459.536495010167, 3450.29895989405, 3407.893112224422, 3377.526737913367, 3384.295329054741, 3362.289628203928, 3377.1078678496897], "mean_eps": [0.9118000000000037, 0.802945000000004, 0.6715449999999987, 0.5401449999999942, 0.40874499999999775, 0.27734499999999884, 0.1474299999999995, 0.09999999999999726, 0.09999999999999726, 0.09999999999999726, 0.09999999999999726, 0.09999999999999726, 0.09999999999999726, 0.09999999999999726, 0.09999999999999726], "episode_reward": [446157.43964038754, 215490.49585032742, 733173.3346551167, 1168967.038925118, 1445827.072763475, 1742615.0442195009, 1958177.316436165, 2024251.4715148255, 1917224.6899397792, 1969763.3669646487, 1957882.6521220664, 2033587.7423973926, 2004702.18842826, 2009201.0511395743, 1913921.314392855], "nb_episode_steps": [1460, 1460, 1460, 1460, 1460, 1460, 1460, 1460, 1460, 1460, 1460, 1460, 1460, 1460, 1460], "nb_steps": [1460, 2920, 4380, 5840, 7300, 8760, 10220, 11680, 13140, 14600, 16060, 17520, 18980, 20440, 21900], "episode": [0, 1, 2, 3, 4, 5, 6, 7, 8, 9, 10, 11, 12, 13, 14], "duration": [9.650001000001794, 10.49032140000054, 16.079594600003475, 12.260683900000004, 16.913080599999375, 11.956494300000486, 10.9576401000013, 9.678779900001246, 10.469046300000628, 10.014964300000429, 9.594396899999992, 9.221950300001481, 9.347162400001253, 9.347484500001883, 9.336507800002437]}