{"loss": [2910126.951642336, 2889574.7441994864, 2804158.1655393834, 2760479.5648116437, 2743223.6544306506, 2855866.0919092465, 3009253.2113655824, 2898002.736708048, 2747755.6736943494, 2847065.9702054793, 2864730.5311857876, 2939683.0561643834, 2916262.497260274, 2925801.7870505136, 2722183.656464041], "mae": [2090.958814571249, 2168.2959112298, 2143.1725957165027, 2150.8405683961632, 2111.9806087128104, 2108.307667269772, 2143.3142432643945, 2210.024501601964, 2124.6262157701467, 2106.870039848432, 2136.5726267357395, 2081.0094766695206, 2150.8915126016695, 2130.176701710322, 2114.275348652879], "mean_q": [3335.988477784476, 3321.538994107181, 3361.827576519692, 3349.422709760274, 3212.159044574058, 3300.9985247886343, 3297.688573717091, 3387.0515198590006, 3247.1267325623394, 3274.1595994087115, 3294.264598773277, 3256.310691519959, 3377.257822700396, 3302.326642263752, 3236.6155479117615], "mean_eps": [0.9118000000000037, 0.802945000000004, 0.6715449999999987, 0.5401449999999942, 0.40874499999999775, 0.27734499999999884, 0.1474299999999995, 0.09999999999999726, 0.09999999999999726, 0.09999999999999726, 0.09999999999999726, 0.09999999999999726, 0.09999999999999726, 0.09999999999999726, 0.09999999999999726], "episode_reward": [502964.11022848834, 719378.8202112206, 1128684.430642829, 1156554.1066357214, 1518318.5309902101, 1666005.204088355, 1671417.670863791, 1701217.8725167864, 1744930.9998498976, 1865905.0998575345, 1114178.992214847, 1889954.6252361832, 1876406.593685352, 1872841.3138048716, 1890644.0216704225], "nb_episode_steps": [1460, 1460, 1460, 1460, 1460, 1460, 1460, 1460, 1460, 1460, 1460, 1460, 1460, 1460, 1460], "nb_steps": [1460, 2920, 4380, 5840, 7300, 8760, 10220, 11680, 13140, 14600, 16060, 17520, 18980, 20440, 21900], "episode": [0, 1, 2, 3, 4, 5, 6, 7, 8, 9, 10, 11, 12, 13, 14], "duration": [9.327409999998054, 10.14492799999789, 12.655026100001123, 12.168533899999602, 12.409308900001633, 14.833060199998727, 10.647731999997632, 10.618105800000194, 13.112805800003116, 11.506050500000129, 12.537912600000709, 12.168414100000518, 11.893036999998003, 11.894668199998705, 10.89743670000098]}