{"loss": [16323857.814911366, 16379285.475, 16591184.504452055, 16449684.706164384, 16212652.508219179, 15573947.696575342, 16069701.557534246, 16086316.90239726, 16911577.207534246, 17265897.014383562, 17326280.402054794, 18384897.586643837, 18592899.850342467, 18054061.68150685, 18213817.938356165], "mae": [31178.2721177659, 31143.700078927654, 31011.16430998502, 31272.53102525685, 31096.09627167166, 30943.93527531036, 31458.958854612585, 31580.696639554793, 31978.821014822344, 32489.41325583262, 32927.95787671233, 33672.795592091185, 33830.57272313784, 33671.48916015625, 33983.4233010488], "mean_q": [36484.32178294448, 36399.392203553085, 36410.53471746575, 36519.72266427654, 36287.70447345891, 36068.29715325342, 36684.75591020976, 36742.193824914386, 37291.034720141266, 37813.866665774825, 38396.608877354454, 39183.34674389983, 39344.13529805223, 39170.48912938784, 39547.42853702911], "mean_eps": [0.9118000000000037, 0.802945000000004, 0.6715449999999987, 0.5401449999999942, 0.40874499999999775, 0.27734499999999884, 0.1474299999999995, 0.09999999999999726, 0.09999999999999726, 0.09999999999999726, 0.09999999999999726, 0.09999999999999726, 0.09999999999999726, 0.09999999999999726, 0.09999999999999726], "episode_reward": [355969.90953974193, 768188.2466198015, 840769.231330486, 963821.949447901, 1112092.5454222506, 1443089.8818560997, 1156508.6396022106, 1490036.2997497683, 364783.1813531011, 1586982.191005042, 1597363.8235335653, 1564591.1509764993, 1626017.3820370561, 1679775.670369828, 1543772.5475161406], "nb_episode_steps": [1460, 1460, 1460, 1460, 1460, 1460, 1460, 1460, 1460, 1460, 1460, 1460, 1460, 1460, 1460], "nb_steps": [1460, 2920, 4380, 5840, 7300, 8760, 10220, 11680, 13140, 14600, 16060, 17520, 18980, 20440, 21900], "episode": [0, 1, 2, 3, 4, 5, 6, 7, 8, 9, 10, 11, 12, 13, 14], "duration": [6.457890899999256, 8.924967499999184, 8.936347299999397, 8.759107699999731, 8.950413499998831, 9.39418619999924, 9.143501800001104, 8.931241800000862, 9.070159499999136, 8.834270500001367, 8.596783400000277, 8.649106999999276, 8.47469909999927, 8.626880599998913, 8.558404499999597]}