{"loss": [3184309.5621741395, 3583022.912671233, 3381166.440625], "mae": [3143.677292427007, 3275.678139046447, 3154.227065162136], "mean_q": [4861.829042754905, 5044.10394454329, 4845.228520307149], "mean_eps": [0.9118000000000037, 0.802945000000004, 0.6715449999999987], "episode_reward": [490351.0095463073, 748548.564086999, 691707.1141783929], "nb_episode_steps": [1460, 1460, 1460], "nb_steps": [1460, 2920, 4380], "episode": [0, 1, 2], "duration": [9.202913400000398, 12.571988299998338, 15.698571400000219]}