{"loss": [3438109.52443952, 3433515.9211472603, 3304919.529280822], "mae": [2911.291818310496, 3069.506405347014, 2976.8957750294308], "mean_q": [4442.094343167525, 4699.164056647313, 4573.288742608894], "mean_eps": [0.9118000000000037, 0.802945000000004, 0.6715449999999987], "episode_reward": [506294.03177283326, 807593.3509092315, 1038575.0605452657], "nb_episode_steps": [1460, 1460, 1460], "nb_steps": [1460, 2920, 4380], "episode": [0, 1, 2], "duration": [10.912999500000296, 12.856363700000657, 16.295125000000553]}