{"loss": [18803639.27789364, 18982582.387328766, 19125296.323630136, 19216233.13630137, 19709430.47020548, 20037251.88869863, 19914793.069863014, 19895232.504109588, 19616650.962328766, 19307950.05410959, 19351473.0380137, 19238320.55308219, 19637585.494863015, 19369987.859246574, 18571447.863356166], "mae": [34922.33948734033, 35002.704500214044, 35092.670246949914, 35290.86472067637, 35843.96226455479, 36216.68363655822, 36226.363958154965, 36056.245323202056, 35762.21416952055, 35644.37919252997, 35511.49936857877, 35575.63215432363, 35681.57556185788, 35464.15893889127, 34387.47964602954], "mean_q": [40579.11651133994, 40630.39978328339, 40738.67361140839, 40992.85340325342, 41601.79201626712, 41998.20734696062, 42001.49589041096, 41767.91492401541, 41404.276888912675, 41331.6155072774, 41145.77446757277, 41265.170004815925, 41332.182860659246, 41026.68407534246, 39840.587157534246], "mean_eps": [0.9118000000000037, 0.802945000000004, 0.6715449999999987, 0.5401449999999942, 0.40874499999999775, 0.27734499999999884, 0.1474299999999995, 0.09999999999999726, 0.09999999999999726, 0.09999999999999726, 0.09999999999999726, 0.09999999999999726, 0.09999999999999726, 0.09999999999999726, 0.09999999999999726], "episode_reward": [459144.3404846944, 667268.56987364, 1000506.1518674275, 1152231.7961117737, 1247992.8819554455, 1417527.7217773434, 1690021.0927129504, 930247.3236547955, 1518267.9175587257, 1298486.8278297794, 1331811.664478387, 1457032.4770240881, 1547597.3222079366, 488508.40142265806, 1430482.4728683531], "nb_episode_steps": [1460, 1460, 1460, 1460, 1460, 1460, 1460, 1460, 1460, 1460, 1460, 1460, 1460, 1460, 1460], "nb_steps": [1460, 2920, 4380, 5840, 7300, 8760, 10220, 11680, 13140, 14600, 16060, 17520, 18980, 20440, 21900], "episode": [0, 1, 2, 3, 4, 5, 6, 7, 8, 9, 10, 11, 12, 13, 14], "duration": [6.550611100001333, 8.926915899999585, 9.152926700000535, 9.125074500001574, 9.203176499999245, 9.299312799999825, 8.965126999999484, 9.197125299999243, 9.091473100001167, 9.173906600000919, 8.862807800000155, 9.088029600001391, 8.923224699999992, 8.857165699999314, 8.863933099999485]}