{"loss": [16154934.441084463, 16039199.942123288, 16128326.494178083, 15612653.819520548, 15925477.109931506, 15798849.493835617, 15868933.2869863, 16000245.254794521, 16094750.778424658, 16258865.515068494, 16342611.438013699, 16984690.046917807, 17969856.339726027, 17456289.72328767, 17912978.13630137], "mae": [32204.375340116658, 32213.71543370077, 32258.04116411601, 32155.273159246575, 32309.313277236728, 32258.377668824913, 32279.712133454625, 32470.385471960617, 32744.263065871146, 32636.662867883133, 32523.25890009632, 33377.0938864512, 34530.341763431075, 34055.1761130137, 34506.55322666952], "mean_q": [37695.28243531674, 37617.35043610873, 37647.534238548804, 37549.18676958476, 37707.730126284245, 37565.52219606165, 37624.26963024401, 37870.264645761985, 38114.73757491438, 37970.66170804795, 37907.40138324058, 38967.084364297945, 40094.20141802226, 39603.14718268408, 40202.67173052226], "mean_eps": [0.9118000000000037, 0.802945000000004, 0.6715449999999987, 0.5401449999999942, 0.40874499999999775, 0.27734499999999884, 0.1474299999999995, 0.09999999999999726, 0.09999999999999726, 0.09999999999999726, 0.09999999999999726, 0.09999999999999726, 0.09999999999999726, 0.09999999999999726, 0.09999999999999726], "episode_reward": [439004.18985679396, 614316.0351678665, 820041.4242264407, 974291.9417917761, 1276411.3377529853, 918301.2652725596, 1214658.8664543265, 1375615.9023887005, 1487015.2823950069, 1533569.6208633694, 1137566.758395047, 1223263.9096578618, 5221.5881200534495, 1643556.7724546052, 1570031.1516773433], "nb_episode_steps": [1460, 1460, 1460, 1460, 1460, 1460, 1460, 1460, 1460, 1460, 1460, 1460, 1460, 1460, 1460], "nb_steps": [1460, 2920, 4380, 5840, 7300, 8760, 10220, 11680, 13140, 14600, 16060, 17520, 18980, 20440, 21900], "episode": [0, 1, 2, 3, 4, 5, 6, 7, 8, 9, 10, 11, 12, 13, 14], "duration": [7.5342373000021325, 10.650727899999765, 10.348644099998637, 10.578281199999765, 10.368401799998537, 11.32815760000085, 11.403204999998707, 10.881103300001996, 10.123614200001612, 9.79389959999753, 10.087213300001167, 10.159854199999245, 9.995881599999848, 9.284391299999697, 9.902077200000349]}