{"loss": [19063164.98696559, 19437240.348630138, 18595301.847945206, 18867721.382876713, 19354840.484931506, 18994642.024657533, 19425360.593835615, 19345521.74178082, 18597108.65171233, 17680656.360273972, 17277504.876369864, 16487186.105136987, 16163300.91130137, 15936924.920547945, 16226175.155479452], "mae": [36224.902347823256, 36344.456825235444, 35593.47780928938, 35866.17136130137, 36232.622653574486, 36010.00839308647, 36519.319587435784, 36366.047118471746, 35806.5007531571, 34933.87680998502, 34259.188782908815, 33507.30014849101, 32918.38177172517, 32741.463057844605, 32819.01840485873], "mean_q": [42146.17721503519, 42097.25902183219, 41302.26393942637, 41610.234476669524, 42026.801717679795, 41829.64747431507, 42374.11697613442, 42163.62449432791, 41500.96813463185, 40467.55846264983, 39714.2335536173, 38773.86665239726, 38171.811464576196, 38026.17105094178, 38183.48253424658], "mean_eps": [0.9118000000000037, 0.802945000000004, 0.6715449999999987, 0.5401449999999942, 0.40874499999999775, 0.27734499999999884, 0.1474299999999995, 0.09999999999999726, 0.09999999999999726, 0.09999999999999726, 0.09999999999999726, 0.09999999999999726, 0.09999999999999726, 0.09999999999999726, 0.09999999999999726], "episode_reward": [671542.3266445472, 626089.7753116647, 977089.9427015047, 765407.6383836641, 1174723.8169227527, 1502016.9119464369, 853082.3740736146, 1408474.6705756688, 990769.7912941066, -360537.32446656335, 1073197.0025291708, 1617567.4526625827, 1421792.4873902362, 1554301.7173100277, 1465671.542886233], "nb_episode_steps": [1460, 1460, 1460, 1460, 1460, 1460, 1460, 1460, 1460, 1460, 1460, 1460, 1460, 1460, 1460], "nb_steps": [1460, 2920, 4380, 5840, 7300, 8760, 10220, 11680, 13140, 14600, 16060, 17520, 18980, 20440, 21900], "episode": [0, 1, 2, 3, 4, 5, 6, 7, 8, 9, 10, 11, 12, 13, 14], "duration": [6.024155200000678, 8.863783000000694, 9.375489300000481, 11.252226699998573, 9.345494600001985, 10.970786599998974, 9.452252700000827, 10.088048500001605, 8.805650300000707, 11.535020899998926, 10.393026900001132, 9.216133199999604, 8.849454600000172, 9.811005999999907, 10.417252399998688]}