{"loss": [2572309.6267596455, 2627961.752204623, 2560623.285188356, 2692766.351583904, 2655693.396083048, 2613769.103125, 2600997.3190924656, 2716532.443214897, 2826250.7114511984, 3015322.813077911, 4991653.698630137, 8202879.908390411, 11232113.43510274, 13691351.607534247, 15198554.198630137], "mae": [1805.9237045272175, 1901.7610542192851, 1938.9504329315603, 1819.461652112987, 1850.3246541062447, 1970.283172105763, 1869.3084491886505, 1718.3108652611302, 1754.2846494909836, 3076.3295222034194, 11620.623545189426, 18598.580470087756, 23454.983566994862, 26645.041651059502, 28438.699088987585], "mean_q": [2800.904066354316, 2907.4501530059397, 2945.080021270334, 2767.825827402611, 2830.3048588164866, 2957.019372893033, 2832.3887977913632, 2677.898259578339, 2754.2592882130243, 4610.122880491492, 14538.746311804367, 22359.7871776006, 27750.547551904965, 31333.355046018834, 33355.62664276541], "mean_eps": [0.9118000000000037, 0.802945000000004, 0.6715449999999987, 0.5401449999999942, 0.40874499999999775, 0.27734499999999884, 0.1474299999999995, 0.09999999999999726, 0.09999999999999726, 0.09999999999999726, 0.09999999999999726, 0.09999999999999726, 0.09999999999999726, 0.09999999999999726, 0.09999999999999726], "episode_reward": [466050.31061305886, 623085.1944595559, 925511.5268840161, 1020784.7610308542, 1202980.9475874768, 1455893.0131060746, 392185.35969932796, 1579878.0512396568, 1655013.3969423035, 1655301.119964114, 1493734.226312653, 1601570.7170926244, 1549744.133315763, 1470407.4308641294, 1604002.6598199967], "nb_episode_steps": [1460, 1460, 1460, 1460, 1460, 1460, 1460, 1460, 1460, 1460, 1460, 1460, 1460, 1460, 1460], "nb_steps": [1460, 2920, 4380, 5840, 7300, 8760, 10220, 11680, 13140, 14600, 16060, 17520, 18980, 20440, 21900], "episode": [0, 1, 2, 3, 4, 5, 6, 7, 8, 9, 10, 11, 12, 13, 14], "duration": [6.491871899999751, 8.927180900000167, 8.92222970000148, 8.92815459999838, 9.316942299999937, 8.95912540000063, 8.845708400000149, 8.708054400000037, 8.52813849999984, 8.374578400000246, 8.28423450000082, 8.69051810000019, 8.3559879000004, 8.482597000000169, 9.449603700000807]}