{"loss": [2584562.706562826, 2782361.6558219176, 2731421.574250856, 2807581.7848030822, 2824960.096468322, 2770146.3980308217, 2771669.230500856, 2572230.2957833903, 2656682.03869863, 2638397.3988441783, 2550700.8393621575, 2635169.1029109587, 2608802.6486943495, 2529849.033369007, 2546709.924571918], "mae": [2107.8715233509433, 2122.3275410691353, 2071.0695802453447, 2133.348703211954, 2098.382238936751, 2122.9186915567475, 2113.2135010601723, 2037.5152362980255, 2011.3675746133883, 2057.10337975907, 1994.1746228361783, 2049.2877494080426, 2051.2449567402878, 2030.0658787557525, 1976.0533128712275], "mean_q": [3317.809192518248, 3215.211749183968, 3150.43539403628, 3261.5129680476775, 3299.819998796019, 3237.24138936082, 3200.9030151367188, 3095.678997551905, 3058.433944075075, 3050.5111042179474, 2934.2143220248286, 3037.124453526327, 3030.744480749679, 2978.7411520761984, 2845.3131328425993], "mean_eps": [0.9118000000000037, 0.802945000000004, 0.6715449999999987, 0.5401449999999942, 0.40874499999999775, 0.27734499999999884, 0.1474299999999995, 0.09999999999999726, 0.09999999999999726, 0.09999999999999726, 0.09999999999999726, 0.09999999999999726, 0.09999999999999726, 0.09999999999999726, 0.09999999999999726], "episode_reward": [547087.1611074219, 771595.679612627, 1016021.6455907632, 1314452.9498484957, 1526710.5242389822, 1399156.6918894604, 1875036.532815524, 1543295.0632240484, 1650008.928558186, 1665614.4851922428, 1478770.9182508786, 1700138.7362457188, 1584123.1120025534, 1527499.6504909561, 1680176.7869536337], "nb_episode_steps": [1460, 1460, 1460, 1460, 1460, 1460, 1460, 1460, 1460, 1460, 1460, 1460, 1460, 1460, 1460], "nb_steps": [1460, 2920, 4380, 5840, 7300, 8760, 10220, 11680, 13140, 14600, 16060, 17520, 18980, 20440, 21900], "episode": [0, 1, 2, 3, 4, 5, 6, 7, 8, 9, 10, 11, 12, 13, 14], "duration": [6.554368400000385, 9.790999000000738, 9.507906299999377, 9.401670900000681, 9.490059300000212, 8.942672700000912, 8.392552199999045, 10.157746700000644, 8.54483110000001, 8.358835900000486, 8.511945599999308, 8.528408300000592, 8.92431409999881, 9.8708972000004, 9.2457658000003]}