{"loss": [2825096.7688347236, 2975192.2803724315, 2858140.816031678, 2915137.358754281, 2891155.458818493, 2905997.5324700344, 2851139.0188356163, 2837754.334567637, 3010636.9782213187, 2857077.295440925, 2862496.1709760274, 2848586.1274400684, 2756995.150770548, 2817373.7176797944, 2709894.0799657535], "mae": [2199.8776188473507, 2253.6937042654376, 2206.875201583235, 2205.368968221586, 2187.9407275892286, 2242.376790838372, 2255.4863125735765, 2180.729175724395, 2183.3878905413903, 2194.560475973887, 2135.9602733037245, 2179.680791818279, 2182.238853642712, 2189.7942652036068, 2142.7877456456013], "mean_q": [3365.3066513172903, 3453.1480677774507, 3402.2756469726564, 3460.384379514929, 3443.533079716931, 3494.3540567476457, 3497.713795450289, 3378.954923948523, 3397.261830452697, 3436.6517287162887, 3351.814973679634, 3375.167590164812, 3415.280546507117, 3397.9519812178937, 3308.5685859575665], "mean_eps": [0.9118000000000037, 0.802945000000004, 0.6715449999999987, 0.5401449999999942, 0.40874499999999775, 0.27734499999999884, 0.1474299999999995, 0.09999999999999726, 0.09999999999999726, 0.09999999999999726, 0.09999999999999726, 0.09999999999999726, 0.09999999999999726, 0.09999999999999726, 0.09999999999999726], "episode_reward": [562340.4578547019, 862034.9453158276, 1014561.0604570546, 1425176.7701250748, 1635978.0734119422, 1727717.2487442812, 1791471.3049133057, 1773068.481468336, 1759591.6383536565, 1726148.0721020752, 1769304.9789449424, 1877996.9270880658, 1438943.1327359742, 1833150.2311717786, 1841534.7942053885], "nb_episode_steps": [1460, 1460, 1460, 1460, 1460, 1460, 1460, 1460, 1460, 1460, 1460, 1460, 1460, 1460, 1460], "nb_steps": [1460, 2920, 4380, 5840, 7300, 8760, 10220, 11680, 13140, 14600, 16060, 17520, 18980, 20440, 21900], "episode": [0, 1, 2, 3, 4, 5, 6, 7, 8, 9, 10, 11, 12, 13, 14], "duration": [7.6713926999982505, 10.603382799999963, 10.582854899999802, 10.086940699999104, 10.784283599998162, 10.527032699999836, 10.123281700001826, 10.018077900000208, 10.1829773999998, 10.24535090000063, 10.041598600000725, 10.629367300000013, 9.873100699998759, 10.078805900000589, 11.310459100001026]}