{"loss": [3595454.506940824, 3407751.7164811646, 3433230.175171233], "mae": [3009.874779280582, 2910.100174911708, 2950.505067422945], "mean_q": [4544.416563223002, 4416.7379705559715, 4513.103272822132], "mean_eps": [0.9118000000000037, 0.802945000000004, 0.6715449999999987], "episode_reward": [597646.6600013345, 721903.2570369632, 1172262.3868712666], "nb_episode_steps": [1460, 1460, 1460], "nb_steps": [1460, 2920, 4380], "episode": [0, 1, 2], "duration": [13.108700299999327, 13.971665899996879, 12.128772799998842]}