{"loss": [19256285.241266377, 21734449.091438357, 20786505.150342464, 13021165.18150685, 15468245.744777398, 11006730.791181507, 9216897.633989725, 12914656.837928083, 14656908.131164383, 12267139.922174657, 14089483.84520548, 13076930.425085617, 11061871.338356165, 10891864.411601027, 12494996.858668664, 12528875.834931508, 10119988.028296232, 10618630.341438357, 10572523.284808433, 10605551.46028735, 11901794.35146618, 10641364.718319576, 8779732.054302227, 11418027.858497432, 10194232.311151542, 12714103.319188785, 11222599.27952697, 9426068.046282373, 9663271.511721049, 9901189.390222168], "mae": [4073.9905968545304, 4888.462007036601, 5358.069169052333, 5302.763059851241, 5402.652870491759, 5420.157993766053, 5374.834855254709, 5715.341905233305, 5781.611101375214, 5820.003831335616, 5861.136585643194, 5935.056264046447, 5859.290155447346, 5978.442002220676, 6086.181782427226, 6136.951347121148, 6111.4870307817855, 6190.094039624358, 6182.093917888485, 6245.680783457299, 6436.711719418879, 6223.079393193493, 6244.1158945580055, 6392.856809851241, 6314.181263377569, 6470.592011584974, 6530.007132919521, 6388.587285290026, 6582.500369889769, 6638.731290132706], "mean_q": [8018.706216737172, 1434.5978720469018, 448.69557910292116, 448.08176213617196, 404.6933002106131, 325.88986745337917, 279.7240309205774, 190.77756287039142, 126.96763508287195, 39.40455726205486, 33.04436664842579, -0.7287493104804053, 38.33827134419794, 18.86281933000643, 6.778089346624401, 4.581221882611105, 7.977047005418229, 3.303098921579857, 3.3054410651122055, 8.53882028248212, 10.133753876326836, 4.787999589720817, 7.637962149267327, 8.446158210953621, 1.5248817762283429, 3.5681573911888957, 5.247877945312082, 12.202201298083345, 8.385516127658217, 6.704730122628277], "mean_eps": [0.9446499999999991, 0.901495000000008, 0.8357950000000078, 0.7700950000000046, 0.7043950000000004, 0.6386950000000011, 0.572995000000002, 0.5072950000000022, 0.4415950000000022, 0.3758950000000017, 0.3101950000000005, 0.24449500000000016, 0.17879500000000023, 0.11606499999999835, 0.10000000000000017, 0.10000000000000017, 0.10000000000000017, 0.10000000000000017, 0.10000000000000017, 0.10000000000000017, 0.10000000000000017, 0.10000000000000017, 0.10000000000000017, 0.10000000000000017, 0.10000000000000017, 0.10000000000000017, 0.10000000000000017, 0.10000000000000017, 0.10000000000000017, 0.10000000000000017], "episode_reward": [-4886118.966746401, -4599252.175370418, -4290215.491050561, -3826616.9927906995, -3542916.6838879837, -3086675.2362883384, -2908046.621513688, -2444496.4371721908, -2355127.148186801, -1950821.1471342032, -1611341.836759688, -1313743.0203626184, -1035118.4816880329, -654648.9038313861, -674908.5905854396, -698757.5658447224, -545337.5954791568, -694417.9203384857, -611080.0000711945, -537784.6929671967, -765442.1122606822, -595115.0527859557, -781150.0649189309, -508319.7023241294, -573012.5681766721, -697588.6331246411, -761954.540880093, -647626.0669635882, -637931.6090585778, -615659.4024227394], "nb_episode_steps": [730, 730, 730, 730, 730, 730, 730, 730, 730, 730, 730, 730, 730, 730, 730, 730, 730, 730, 730, 730, 730, 730, 730, 730, 730, 730, 730, 730, 730, 730], "nb_steps": [730, 1460, 2190, 2920, 3650, 4380, 5110, 5840, 6570, 7300, 8030, 8760, 9490, 10220, 10950, 11680, 12410, 13140, 13870, 14600, 15330, 16060, 16790, 17520, 18250, 18980, 19710, 20440, 21170, 21900], "episode": [0, 1, 2, 3, 4, 5, 6, 7, 8, 9, 10, 11, 12, 13, 14, 15, 16, 17, 18, 19, 20, 21, 22, 23, 24, 25, 26, 27, 28, 29], "duration": [3.2057131999899866, 5.146590600008494, 4.995432899988373, 5.234299099989585, 4.8668846000073245, 4.575075000000652, 5.651213899996947, 5.240514899996924, 4.7647196000034455, 4.539164999994682, 4.515287999995053, 4.406635899998946, 4.492350299988175, 4.526397599998745, 5.141494600000442, 4.69701659999555, 5.551963899997645, 5.63240639999276, 8.767778399997042, 5.337676000010106, 4.788534299994353, 4.633977099991171, 4.8197479999944335, 4.90628550000838, 5.533173900010297, 4.741865600008168, 5.105892899999162, 5.024745999995503, 4.930391300003976, 4.689262799991411]}