{"loss": [6919966.817322732, 3203221.3964041094, 3852283.3256849316, 4130863.109589041, 3954956.2755993153, 3781820.4551797947, 3625338.2313142125, 3651101.6975599313, 3291625.2434289386, 3209451.367786815, 3253278.274571918, 3170865.390475171, 3069911.42234589, 3070425.5268193493, 3074527.1400684933], "mae": [5407.699262537474, 2718.581270902451, 2819.76493287805, 3306.5891969445634, 3208.868573248876, 3199.7045885059933, 2913.601011009739, 2924.9404522621467, 2798.3305617241012, 2753.2361082312177, 2780.6719423895015, 2781.7087286962224, 2783.354800038795, 2789.8696146925836, 2791.7873745852953], "mean_q": [7875.960598910812, 4049.5311628785853, 4214.744157179741, 4832.184909768301, 4665.768029952376, 4693.423260581657, 4327.616523470944, 4345.387437961526, 4228.010951212008, 4146.563800801317, 4239.0266733665985, 4208.118674416738, 4238.596514641748, 4255.749061396351, 4210.339325202001], "mean_eps": [0.9118000000000037, 0.802945000000004, 0.6715449999999987, 0.5401449999999942, 0.40874499999999775, 0.27734499999999884, 0.1474299999999995, 0.09999999999999726, 0.09999999999999726, 0.09999999999999726, 0.09999999999999726, 0.09999999999999726, 0.09999999999999726, 0.09999999999999726, 0.09999999999999726], "episode_reward": [397856.00417633215, 424582.1284224793, 897383.2202064722, 1079882.9672329896, 1169760.3265291655, 1639519.5409808736, 2038740.5857949343, 1923290.6764670482, 1979625.4061185215, 2000469.0163800244, 1779534.1958165958, 2028633.7379897162, 2015271.0592350615, 2093859.3630874904, 1922636.2592532802], "nb_episode_steps": [1460, 1460, 1460, 1460, 1460, 1460, 1460, 1460, 1460, 1460, 1460, 1460, 1460, 1460, 1460], "nb_steps": [1460, 2920, 4380, 5840, 7300, 8760, 10220, 11680, 13140, 14600, 16060, 17520, 18980, 20440, 21900], "episode": [0, 1, 2, 3, 4, 5, 6, 7, 8, 9, 10, 11, 12, 13, 14], "duration": [9.117565299999114, 10.290881199998694, 10.497015900000406, 13.092724300000555, 11.43505279999954, 13.110268299999007, 11.019738700000744, 12.150735899998836, 10.41107109999939, 10.555750399998942, 11.477001100000052, 10.500187600002391, 11.207242899999983, 11.878031099997315, 12.435780999996496]}