{"loss": [2746928.329118874, 2896214.9123715754, 2858347.752718322, 2916678.220697774, 2743436.342958048, 2596348.098394692, 2585889.439640411, 2578265.2234375, 2557682.424785959, 2602169.911986301, 2656430.473651541, 2684902.240410959, 2527327.0077696918, 2673269.409396404, 2756241.467615582], "mae": [2137.71763876556, 2145.265475422062, 2215.2830734461954, 2112.407436841155, 2287.424882862666, 2262.822871545243, 2216.2325932750964, 2208.2107055664064, 2106.433232388431, 2067.9029456569724, 2032.9865894056347, 2025.1972963934074, 1979.5179311255886, 1902.3079725291632, 1927.7210952549765], "mean_q": [3457.1245407406805, 3480.176601294949, 3520.1136559891374, 3524.98336867241, 3877.1368670737907, 3607.636779116278, 3379.2085094713184, 3370.2251729050727, 3174.451213847121, 3049.871613468536, 3024.2536520761987, 2965.7718999157214, 2907.999322927815, 2823.3934513457834, 2799.057085679982], "mean_eps": [0.9118000000000037, 0.802945000000004, 0.6715449999999987, 0.5401449999999942, 0.40874499999999775, 0.27734499999999884, 0.1474299999999995, 0.09999999999999726, 0.09999999999999726, 0.09999999999999726, 0.09999999999999726, 0.09999999999999726, 0.09999999999999726, 0.09999999999999726, 0.09999999999999726], "episode_reward": [599096.6916234139, 907436.2641587046, 1119799.221404052, 1198619.7316537916, 1383586.1696933315, 1377027.2384254492, 1608493.3062440276, 1100299.9803007643, 1216232.2260822237, 1342244.3781324022, 1635887.6056613224, 1585193.8009861477, 1426352.3262350918, 1508106.3469317819, 1631387.258609303], "nb_episode_steps": [1460, 1460, 1460, 1460, 1460, 1460, 1460, 1460, 1460, 1460, 1460, 1460, 1460, 1460, 1460], "nb_steps": [1460, 2920, 4380, 5840, 7300, 8760, 10220, 11680, 13140, 14600, 16060, 17520, 18980, 20440, 21900], "episode": [0, 1, 2, 3, 4, 5, 6, 7, 8, 9, 10, 11, 12, 13, 14], "duration": [6.467989099997794, 9.253495299999486, 10.088661999998294, 10.206295500000124, 9.084481800000503, 10.077275999999983, 9.037649500001862, 8.634551600000123, 9.261980800001766, 8.505110899997817, 10.718880699998408, 8.402901800000109, 9.628845399998681, 9.934800900002301, 8.88446969999859]}