{"loss": [2470347.6915080813, 2717256.4621361303, 2768744.2124571917, 2663412.5727739725, 2708250.599058219, 2652827.5262842467, 2580122.1153253424, 2682267.423287671, 4366841.954623288, 4865103.377440069, 8276876.872431506, 11489044.975684932, 14248060.548287671, 16375712.589041095, 17580091.602054793], "mae": [1825.816540794651, 1962.716004588506, 2030.4256121909782, 1921.1415605100867, 1895.056899230121, 1870.7711895668344, 1877.0343764213667, 2043.2386457051316, 3651.2444160356913, 10427.05985926798, 18733.06895935895, 24391.65586338827, 28501.042091181505, 31475.331506849314, 33126.57131983091], "mean_q": [2840.066794481964, 2947.9940665467143, 3123.4242317931294, 2904.3759600913686, 2941.3554791176157, 2835.1696906938946, 2859.905286982288, 3134.6846517484482, 5579.632954302226, 13347.505343335295, 22562.747404751713, 28988.930932951625, 33645.05693760702, 36965.86197827483, 38867.673362585614], "mean_eps": [0.9118000000000037, 0.802945000000004, 0.6715449999999987, 0.5401449999999942, 0.40874499999999775, 0.27734499999999884, 0.1474299999999995, 0.09999999999999726, 0.09999999999999726, 0.09999999999999726, 0.09999999999999726, 0.09999999999999726, 0.09999999999999726, 0.09999999999999726, 0.09999999999999726], "episode_reward": [508754.545995468, 803084.0084317436, 959317.9435790096, 1131013.7600932778, 1314316.8467745308, 1455299.977983134, 1613994.3088965411, 1836946.4431868002, 2029324.5032442866, 1701298.642522027, 1292488.9926644342, 1278743.0725097621, 1508096.0656345012, 1135304.6990159485, 779798.9561897931], "nb_episode_steps": [1460, 1460, 1460, 1460, 1460, 1460, 1460, 1460, 1460, 1460, 1460, 1460, 1460, 1460, 1460], "nb_steps": [1460, 2920, 4380, 5840, 7300, 8760, 10220, 11680, 13140, 14600, 16060, 17520, 18980, 20440, 21900], "episode": [0, 1, 2, 3, 4, 5, 6, 7, 8, 9, 10, 11, 12, 13, 14], "duration": [6.245380200001819, 8.886859400001413, 9.076287100000627, 8.564003699997556, 9.183480899999267, 8.708315299998503, 9.205202299999655, 10.380531800001336, 9.721439099997951, 9.646974299997964, 10.069924000003084, 10.011701999999786, 9.324336500001664, 9.886744999999792, 10.152436199998192]}