{"loss": [2581593.002411366, 2794485.2412671233, 2668349.818172089, 2810805.427482877, 2697906.803874144, 2591184.6399186645, 2762779.319670377, 2855620.685166952, 2815125.58640839, 2907986.0973030822, 2957166.97703339, 2835068.5606378424, 2785607.2501284247, 2790273.472859589, 2730809.170462329], "mae": [2254.8701258431634, 2229.3336571262307, 2197.332108923507, 2275.3384284032536, 2285.6151752628693, 2240.4089718335294, 2255.2316182175728, 2292.6037279938996, 2263.645205981111, 2252.270173373288, 2213.869976723031, 2158.8928535356913, 2154.7907424717732, 2148.6889564827698, 2143.6859161795], "mean_q": [3454.988760621008, 3500.358349274936, 3452.8737048841504, 3535.7914629374463, 3561.9241868110553, 3528.904941506582, 3507.34877294253, 3520.993732609161, 3488.5869901474207, 3384.4827837382277, 3338.3771477686214, 3282.1126377889555, 3285.711042012254, 3286.6531480763056, 3272.760393534621], "mean_eps": [0.9118000000000037, 0.802945000000004, 0.6715449999999987, 0.5401449999999942, 0.40874499999999775, 0.27734499999999884, 0.1474299999999995, 0.09999999999999726, 0.09999999999999726, 0.09999999999999726, 0.09999999999999726, 0.09999999999999726, 0.09999999999999726, 0.09999999999999726, 0.09999999999999726], "episode_reward": [592723.2391234309, 918790.3539885315, 1132421.082645877, 1337248.5503588186, 1505547.1975224544, 1697159.6041536026, 2008071.8746797908, 1574307.8140982555, 1512948.9832265105, 1753158.2169236585, 1527215.3861458683, 1602430.1443590152, 1815822.9417204023, 1718700.1911546444, 1856322.5175458693], "nb_episode_steps": [1460, 1460, 1460, 1460, 1460, 1460, 1460, 1460, 1460, 1460, 1460, 1460, 1460, 1460, 1460], "nb_steps": [1460, 2920, 4380, 5840, 7300, 8760, 10220, 11680, 13140, 14600, 16060, 17520, 18980, 20440, 21900], "episode": [0, 1, 2, 3, 4, 5, 6, 7, 8, 9, 10, 11, 12, 13, 14], "duration": [6.253316199999972, 8.48900649999996, 8.706347900000765, 8.3956933999998, 8.827960700000403, 8.843569900000148, 9.456019299999753, 8.868561100000079, 9.33634069999971, 9.06594369999948, 8.962776999998823, 9.135382799999206, 9.21576549999918, 8.742289899999378, 8.793853399998625]}