{"loss": [6849469.933850365, 3485522.1526113013, 3803858.215453767, 4053637.6413099314, 4028927.117765411, 4233189.646575343, 3776283.333861301, 3684756.8000856163, 3409021.908369007, 3556047.0315068495], "mae": [4387.9027788243775, 2992.7842321944563, 3136.5759789035747, 3114.287473412083, 3187.112533611141, 3191.75430105549, 3108.5103878491545, 3114.4137676918344, 2970.077291410263, 2986.6533097776646], "mean_q": [6681.234459010851, 4616.492384150257, 4791.590342566085, 4675.50948536494, 4756.00061988308, 4760.7576994595465, 4673.9850368552015, 4664.836847341877, 4482.895473198041, 4495.122900056186], "mean_eps": [0.9118000000000037, 0.802945000000004, 0.6715449999999987, 0.5401449999999942, 0.40874499999999775, 0.27734499999999884, 0.1474299999999995, 0.09999999999999726, 0.09999999999999726, 0.09999999999999726], "episode_reward": [518435.6531156437, 661977.0649369217, 742716.0837427876, 1001682.4682714796, 1295357.3816654817, 1891975.4568036424, 1980491.914949698, 1957522.0145544568, 2022347.4362627848, 1881366.3958281537], "nb_episode_steps": [1460, 1460, 1460, 1460, 1460, 1460, 1460, 1460, 1460, 1460], "nb_steps": [1460, 2920, 4380, 5840, 7300, 8760, 10220, 11680, 13140, 14600], "episode": [0, 1, 2, 3, 4, 5, 6, 7, 8, 9], "duration": [10.306425599999784, 15.204705500000273, 11.97473220000029, 13.120470199999545, 13.551201299998866, 13.235866999999416, 13.823945599999206, 18.561383400001432, 12.917504500001087, 13.717925299999479]}