{"loss": [2693071.6500912406, 2619325.5839255136, 2809081.30864726, 2751690.349657534, 2849391.6653253427, 2686548.997067637, 2548278.968000856, 2714387.568921233, 2486139.667358733, 2744596.490817637, 2819207.0451840754, 2758286.6552226027, 2733518.322281678, 2875694.074293664, 2577489.1328981165], "mae": [2228.387961346862, 2380.0969428911603, 2337.6489285403736, 2280.3649406537616, 2252.1329328981165, 2367.079087850492, 2384.7327732033928, 2400.312119826225, 2322.86582039611, 2227.345793507197, 2306.5096083549606, 2429.729542687821, 2276.7380545838237, 2243.3469082767015, 2423.406942456389], "mean_q": [3527.6213791323157, 3680.6583805450023, 3657.667376792594, 3529.336600191299, 3487.1862876578552, 3586.743622244221, 3640.0759360953552, 3686.7052779524292, 3574.1558242588826, 3458.4819447974637, 3590.1044985418453, 3701.039578874144, 3499.5535703058113, 3461.5270691754067, 3579.297231177761], "mean_eps": [0.9118000000000037, 0.802945000000004, 0.6715449999999987, 0.5401449999999942, 0.40874499999999775, 0.27734499999999884, 0.1474299999999995, 0.09999999999999726, 0.09999999999999726, 0.09999999999999726, 0.09999999999999726, 0.09999999999999726, 0.09999999999999726, 0.09999999999999726, 0.09999999999999726], "episode_reward": [481633.9071271899, 736216.085477321, 889616.1104242365, 969606.1664565218, 1337851.903592265, 1510408.3345453267, 1518430.6284652771, 1537457.323309822, 1618125.6586319455, 1398229.1083270812, 1459190.3235983737, 1484677.1910966642, 1653321.720510678, 1473927.6690124562, 1610593.5813419977], "nb_episode_steps": [1460, 1460, 1460, 1460, 1460, 1460, 1460, 1460, 1460, 1460, 1460, 1460, 1460, 1460, 1460], "nb_steps": [1460, 2920, 4380, 5840, 7300, 8760, 10220, 11680, 13140, 14600, 16060, 17520, 18980, 20440, 21900], "episode": [0, 1, 2, 3, 4, 5, 6, 7, 8, 9, 10, 11, 12, 13, 14], "duration": [12.620470699999714, 15.372889999998733, 16.98958760000096, 17.26476239999829, 15.470246299999417, 15.33875750000152, 16.8176644999985, 16.414517699999124, 16.464860500000214, 16.697759000002407, 17.310783599998103, 16.43758230000094, 17.216679499997554, 16.366406999997707, 16.475962900000013]}