{"loss": [6791507.64267792, 3821689.39109589, 4272425.162414383, 3565421.855479452, 3540928.0382063356, 3357223.335616438, 3120186.4897474316, 3147048.0239511984, 2818843.610530822, 2999025.812328767, 2898430.6975813354, 2869732.727975171, 2882035.073009418, 2695534.734824486, 2798336.50541524], "mae": [1461.3116605279345, 3011.4112539631046, 3323.4749165574167, 2408.669715024347, 2287.3006825068223, 2342.9028755083477, 2268.5061627949754, 2237.469164035745, 2179.1677817984805, 2203.0141268795483, 2225.3105538982236, 2153.7087297831495, 2255.201209248582, 2179.059625076921, 2268.9494640611624], "mean_q": [1896.3354980977906, 4684.974526768515, 5068.108239578874, 3707.77043992134, 3583.504296875, 3669.1557757651967, 3552.166269966021, 3449.300115214309, 3444.7274434128853, 3452.357560332834, 3466.7058033564317, 3313.097591703232, 3466.4969423895013, 3387.524675928403, 3471.257648624786], "mean_eps": [0.9118000000000037, 0.802945000000004, 0.6715449999999987, 0.5401449999999942, 0.40874499999999775, 0.27734499999999884, 0.1474299999999995, 0.09999999999999726, 0.09999999999999726, 0.09999999999999726, 0.09999999999999726, 0.09999999999999726, 0.09999999999999726, 0.09999999999999726, 0.09999999999999726], "episode_reward": [470845.712139332, 567045.6003416732, 841113.3711570248, 968103.9513254694, 1523313.6819045634, 1740842.1521835835, 1967356.1046963052, 1871783.7198886562, 1970884.1530331885, 1994761.2440291068, 2049538.0303602614, 1950214.627879399, 2023106.1378033722, 1928871.7057866708, 1942021.0984961444], "nb_episode_steps": [1460, 1460, 1460, 1460, 1460, 1460, 1460, 1460, 1460, 1460, 1460, 1460, 1460, 1460, 1460], "nb_steps": [1460, 2920, 4380, 5840, 7300, 8760, 10220, 11680, 13140, 14600, 16060, 17520, 18980, 20440, 21900], "episode": [0, 1, 2, 3, 4, 5, 6, 7, 8, 9, 10, 11, 12, 13, 14], "duration": [7.914287099998546, 10.099234299999807, 8.92205660000036, 8.30089290000069, 8.694346099999166, 8.691751199999999, 8.436784699999407, 8.71590489999835, 9.111447299999782, 8.591099600000234, 8.583305299998756, 8.912149499999941, 9.368675699999585, 10.074006599999848, 10.588273199999094]}