{"loss": [18583407.44316997, 18868812.024657533, 19480730.34109589, 19458514.87260274, 19801351.860958904, 19446215.830821916, 20087520.608219177, 19445524.85136986, 18592464.534931507, 17818976.518150683, 17052995.451027397, 16548640.293150686, 16154332.929452054, 16180919.91609589, 16270106.84520548], "mae": [33972.716764288976, 34666.7815041738, 35435.45332432577, 35470.74430115582, 35739.154671446915, 35711.8306052012, 36091.79553724315, 35844.28551744435, 34550.26142310574, 33821.719099154536, 33349.582571703766, 32746.666305918236, 32463.514374197344, 32385.034593054366, 32347.036122110447], "mean_q": [39673.747922640774, 40553.66290132706, 41323.14749839469, 41375.80278253424, 41698.672212114725, 41623.101688249146, 42075.814907962325, 41576.62209439212, 40110.81767979452, 39345.343795483735, 38801.290630351024, 38074.301321703766, 37787.64509578339, 37812.77998448202, 37877.81869381421], "mean_eps": [0.9118000000000037, 0.802945000000004, 0.6715449999999987, 0.5401449999999942, 0.40874499999999775, 0.27734499999999884, 0.1474299999999995, 0.09999999999999726, 0.09999999999999726, 0.09999999999999726, 0.09999999999999726, 0.09999999999999726, 0.09999999999999726, 0.09999999999999726, 0.09999999999999726], "episode_reward": [604278.9150223988, 677912.9113155869, 867782.7390449425, 999491.0391553801, 1134208.2901666064, 1364554.7952933884, 1522444.1101665625, 823928.7625949051, 1213386.6514761823, 1326698.2063050792, 905760.2620223884, 1218966.9450041999, 304025.0006532311, 1466618.7041201382, 1110685.622246927], "nb_episode_steps": [1460, 1460, 1460, 1460, 1460, 1460, 1460, 1460, 1460, 1460, 1460, 1460, 1460, 1460, 1460], "nb_steps": [1460, 2920, 4380, 5840, 7300, 8760, 10220, 11680, 13140, 14600, 16060, 17520, 18980, 20440, 21900], "episode": [0, 1, 2, 3, 4, 5, 6, 7, 8, 9, 10, 11, 12, 13, 14], "duration": [6.772150699998747, 8.91197739999916, 8.84799380000186, 9.168187300001591, 8.695578100003331, 8.960529299998598, 10.002358300000196, 8.838035199998558, 9.005953800002317, 9.250430299998698, 9.425972699998965, 9.742469699998765, 10.84419379999963, 10.81471160000001, 10.53663289999895]}