{"loss": [16063785.88008342, 16768527.35890411, 17028254.63869863, 17385669.880821917, 18138345.217465755, 17675881.815753426, 18617099.381849315, 18621224.50547945, 18841071.998972602, 18689732.958219178, 18656576.13869863, 17806286.439383563, 17262173.672945205, 16940094.48630137, 16720338.918150686], "mae": [29608.126130327815, 30693.27179339683, 31119.206106860016, 31368.679608572347, 32345.35300192637, 32577.96163313356, 33574.50061001712, 33433.211342840325, 33560.38689265839, 33456.97969151327, 33313.692891160106, 32738.258201787245, 31694.543705854023, 31465.93819563356, 31180.02908952269], "mean_q": [34677.75260077229, 35828.20523999358, 36286.047645547944, 36719.16251337757, 37869.16774400685, 38062.89654591181, 39210.60362264555, 39115.53253692209, 39216.187063891266, 39102.37272046233, 38937.28100117722, 38149.59739672517, 37020.81987906678, 36794.76297089041, 36478.29463559503], "mean_eps": [0.9118000000000037, 0.802945000000004, 0.6715449999999987, 0.5401449999999942, 0.40874499999999775, 0.27734499999999884, 0.1474299999999995, 0.09999999999999726, 0.09999999999999726, 0.09999999999999726, 0.09999999999999726, 0.09999999999999726, 0.09999999999999726, 0.09999999999999726, 0.09999999999999726], "episode_reward": [531484.7411941247, 588750.5863399216, 888033.080212791, 1014182.4931863247, 1197921.9092210447, 1439306.565691609, -385629.17314964405, 1135989.1134245475, 1275385.694385418, 1256017.8389587218, 1160141.8593968544, 1322161.462735047, 1484100.3285647226, 1501433.906517677, 1385866.2851706406], "nb_episode_steps": [1460, 1460, 1460, 1460, 1460, 1460, 1460, 1460, 1460, 1460, 1460, 1460, 1460, 1460, 1460], "nb_steps": [1460, 2920, 4380, 5840, 7300, 8760, 10220, 11680, 13140, 14600, 16060, 17520, 18980, 20440, 21900], "episode": [0, 1, 2, 3, 4, 5, 6, 7, 8, 9, 10, 11, 12, 13, 14], "duration": [6.5281792000005225, 8.93557090000104, 8.90736939999988, 9.29249400000117, 9.326523499999894, 8.666053400000237, 8.907730099999753, 8.784887800000433, 8.905977800000983, 8.839917900000728, 8.979726499999742, 8.926105999998981, 8.79637139999977, 8.94891429999916, 9.089689199998247]}