{"loss": [3260053.7394421273, 3260860.462371575, 3246209.149229452], "mae": [2874.6417380164885, 2944.690222836847, 3028.5896417487156], "mean_q": [4450.98461379448, 4521.073390009632, 4677.908495090433], "mean_eps": [0.9118000000000037, 0.802945000000004, 0.6715449999999987], "episode_reward": [551680.6060704015, 903859.8655005901, 833001.3375618862], "nb_episode_steps": [1460, 1460, 1460], "nb_steps": [1460, 2920, 4380], "episode": [0, 1, 2], "duration": [10.133398100002523, 13.284987099999853, 12.692324200001167]}