{"loss": [NaN, 12707371.618449781, 886147.2341609589, 594909.3564212329, 611769.9883133562, 1102739.932405822, 852854.2729452054, 1512632.1806934932, 2782780.372859589, 2280489.0034246575], "mae": [NaN, 2578.2145415060386, 1379.0483448603381, 1541.6885628478167, 1704.563252822667, 2000.0108619167381, 1891.051430396511, 1919.6981752996576, 2253.3865699245507, 2425.6389163500644], "mean_q": [NaN, 3998.684834176276, 2419.7834780340327, 2622.4029828633347, 2785.363402316995, 3149.717499197346, 2870.931957338934, 2910.7308252622, 3350.8010735498715, 3586.9936597014125], "mean_eps": [NaN, 0.9446499999999991, 0.9179200000000054, 0.8850700000000049, 0.8522200000000044, 0.8193700000000023, 0.7865199999999991, 0.7536699999999981, 0.720819999999999, 0.6879699999999996], "episode_reward": [45958.314554455574, 84663.55070095538, 84963.01693760193, 68158.01638764242, 205967.92833954684, 83425.71591701159, 66473.866471971, 602923.7918069095, 64344.28721096279, 343407.5922663309], "nb_episode_steps": [365, 365, 365, 365, 365, 365, 365, 365, 365, 365], "nb_steps": [365, 730, 1095, 1460, 1825, 2190, 2555, 2920, 3285, 3650], "episode": [0, 1, 2, 3, 4, 5, 6, 7, 8, 9], "duration": [3.3030953999987105, 11.513626799998747, 5.664366000000882, 4.547435399999813, 5.1674480000001495, 5.0182272999991255, 5.158262699998886, 5.451673399998981, 5.0453964000007545, 5.306110799996532]}