{"loss": [2661622.99270073, 2575762.7470034244, 2588173.80708476, 2591029.7717251712, 2698446.60625, 2679006.978660103, 2705510.7684503426, 2770709.5753210615, 2801999.0108732875, 2853385.721275685, 2805523.006635274, 2768841.9288313356, 2810178.8340967465, 2970283.516395548, 3044574.5579409245], "mae": [2229.587005201545, 2268.3588044467037, 2293.976312423079, 2309.4916590860444, 2250.083652444082, 2263.8385520621523, 2246.6938309342895, 2266.902867732636, 2199.339196275685, 2200.358469923882, 2219.23801378224, 2207.015198840834, 2186.1963589602956, 2249.4751004153736, 2264.161457971024], "mean_q": [3574.1051388164756, 3605.2377707285423, 3586.1934105441997, 3550.2102358465327, 3466.0301665841716, 3490.884921975332, 3455.0375252501603, 3531.1920326546447, 3448.3081710188358, 3444.816295048962, 3502.7209011130135, 3512.275168557363, 3459.354898029484, 3567.8778686523438, 3549.803868458369], "mean_eps": [0.9118000000000037, 0.802945000000004, 0.6715449999999987, 0.5401449999999942, 0.40874499999999775, 0.27734499999999884, 0.1474299999999995, 0.09999999999999726, 0.09999999999999726, 0.09999999999999726, 0.09999999999999726, 0.09999999999999726, 0.09999999999999726, 0.09999999999999726, 0.09999999999999726], "episode_reward": [580282.9019475884, 1013346.8728908969, 1021003.8064332369, 1278239.6183536507, 1486318.0400358497, 1881117.6611514767, 1480008.213999965, 1478825.2259394333, 1962559.017824701, 1900991.35161368, 1968106.0421236854, 1992530.3601500532, 1957553.5825226873, 1985577.1019609822, 1926462.4594342036], "nb_episode_steps": [1460, 1460, 1460, 1460, 1460, 1460, 1460, 1460, 1460, 1460, 1460, 1460, 1460, 1460, 1460], "nb_steps": [1460, 2920, 4380, 5840, 7300, 8760, 10220, 11680, 13140, 14600, 16060, 17520, 18980, 20440, 21900], "episode": [0, 1, 2, 3, 4, 5, 6, 7, 8, 9, 10, 11, 12, 13, 14], "duration": [6.772753099998226, 9.319174000000203, 11.983376000000135, 9.649091400002362, 9.140955899998517, 9.850910599998315, 9.800248600000486, 9.398466700000426, 9.162623600001098, 8.61940980000145, 8.497479800000292, 10.260078500003146, 9.054116100000101, 8.531947400002537, 9.342596200000116]}