{"loss": [2559318.147533238, 4028065.5469606165, 4603182.324914384, 4273180.078916952, 3990852.5869648973, 3687069.560402397, 3567850.5758561646, 3509899.108369007, 3330265.301819349, 3267525.253724315, 3228709.7623929796, 2963790.2958047944, 2994442.1515625, 2982049.680864726, 2827502.308604452], "mae": [1532.310770299313, 3229.124628438035, 2292.3537083455963, 2221.829047634177, 2437.5764102465487, 2464.9640104947025, 2395.3571426182575, 2388.981485277986, 2310.5776311168934, 2293.530127371174, 2311.28796687714, 2280.3099238983573, 2332.260573964576, 2315.311965482529, 2290.2405085315445], "mean_q": [2520.0558307774995, 4834.575219726563, 3273.3382874371255, 3284.9191695539917, 3736.545744428243, 3847.036753866117, 3716.4426649119755, 3714.1053918289813, 3580.2642031316886, 3586.509785189694, 3620.352840057791, 3567.0176823028146, 3613.0819884417806, 3591.5328539704624, 3581.626811824433], "mean_eps": [0.9118000000000037, 0.802945000000004, 0.6715449999999987, 0.5401449999999942, 0.40874499999999775, 0.27734499999999884, 0.1474299999999995, 0.09999999999999726, 0.09999999999999726, 0.09999999999999726, 0.09999999999999726, 0.09999999999999726, 0.09999999999999726, 0.09999999999999726, 0.09999999999999726], "episode_reward": [439491.92599558365, 241128.19822492753, 649772.7137722026, 1280557.92790846, 1533836.756843976, 1764045.2589579578, 1953028.644681231, 2022945.2490633037, 1931267.1679915057, 2035706.1550245488, 2097331.4288845276, 2042731.7370159344, 2022387.914783606, 2050619.5191487202, 2044662.1107075033], "nb_episode_steps": [1460, 1460, 1460, 1460, 1460, 1460, 1460, 1460, 1460, 1460, 1460, 1460, 1460, 1460, 1460], "nb_steps": [1460, 2920, 4380, 5840, 7300, 8760, 10220, 11680, 13140, 14600, 16060, 17520, 18980, 20440, 21900], "episode": [0, 1, 2, 3, 4, 5, 6, 7, 8, 9, 10, 11, 12, 13, 14], "duration": [7.831668900002114, 11.199083299998165, 10.672773500002222, 9.846959999998944, 10.156574199998431, 10.307160600001225, 10.955464399998164, 9.86890140000105, 9.47755110000071, 10.145811999998841, 10.042933699998684, 9.021247100001347, 9.110575700000481, 9.863056700000016, 10.395794500000193]}