{"loss": [2704718.865745568, 2759391.6370291095, 2642693.625342466, 2821127.7157320203, 2794265.885958904, 2766195.5265196916, 2728933.180971747, 2804067.0018193494, 2823213.2518407535, 2862660.860787671, 2832750.4916738016, 2836049.089297945, 2848800.0005351026, 2900338.5141481166, 2877481.3223244864], "mae": [2025.112789277364, 2039.587736114084, 2052.092077636719, 2124.6127069342624, 2096.810285761585, 2082.491975632759, 2142.8412794975384, 2187.9051231906838, 2183.4011113415027, 2194.571926754468, 2164.5319233097443, 2197.3424369080426, 2230.506247073657, 2184.901522032855, 2201.9279914751446], "mean_q": [3341.8265267572015, 3303.1562580265413, 3298.658386564908, 3344.3769206843963, 3258.849127949754, 3206.3557725880246, 3276.784976154484, 3335.0191556747645, 3324.3392054727633, 3336.973969592787, 3301.6496434877995, 3389.3910505738977, 3348.9487155862053, 3365.3238558834546, 3342.306933928189], "mean_eps": [0.9118000000000037, 0.802945000000004, 0.6715449999999987, 0.5401449999999942, 0.40874499999999775, 0.27734499999999884, 0.1474299999999995, 0.09999999999999726, 0.09999999999999726, 0.09999999999999726, 0.09999999999999726, 0.09999999999999726, 0.09999999999999726, 0.09999999999999726, 0.09999999999999726], "episode_reward": [657055.5516174957, 839241.7179984996, 1117559.4919119999, 1174449.060984819, 1390628.643232225, 1553083.5869973784, 1766459.6031241529, 1903699.7919904185, 1748940.0371012022, 1863309.7869564844, 1797077.2643833624, 1563076.0271837323, 1817274.2988776448, 1643318.4564022727, 1863141.645125885], "nb_episode_steps": [1460, 1460, 1460, 1460, 1460, 1460, 1460, 1460, 1460, 1460, 1460, 1460, 1460, 1460, 1460], "nb_steps": [1460, 2920, 4380, 5840, 7300, 8760, 10220, 11680, 13140, 14600, 16060, 17520, 18980, 20440, 21900], "episode": [0, 1, 2, 3, 4, 5, 6, 7, 8, 9, 10, 11, 12, 13, 14], "duration": [8.265718300001026, 13.164740500000335, 11.858081700000184, 14.05336779999925, 13.462477999997645, 11.33809090000068, 10.801646299998538, 10.713643300001422, 10.388011099999858, 11.71642189999693, 11.958605399999215, 11.468638999998802, 12.38305179999952, 11.392839899999672, 12.217133599999215]}