{"loss": [2530544.683003128, 2610160.027932363, 2431987.581635274, 2411161.881399829, 2475475.9315282535, 2543451.396468322, 2567218.492037671, 2501389.2544092466, 2825103.0131849316, 2664279.3127996577, 2761633.483561644, 2902495.370697774, 2702258.8502140413, 2769101.6428938354, 2537147.4391267123], "mae": [1990.6556418123535, 1956.692685563597, 1891.8356737110712, 1929.445644096479, 1933.6533668831603, 1949.6410599381957, 2004.413915597576, 1859.7751217358732, 1888.9830386645174, 1904.7094260855897, 1867.531290299925, 2107.424848749866, 1864.3404696529858, 1892.9992402377195, 1900.145616087195], "mean_q": [2944.326376683272, 2931.3017446857607, 2830.645095532561, 2876.0858766320634, 2829.0949904350387, 2889.605801517016, 2954.688122642204, 2797.0958676690925, 2854.9510429486836, 2867.3428029517604, 2828.2932975037456, 3224.869621297758, 2844.853337870559, 2815.9943959693387, 2846.6073312419735], "mean_eps": [0.9118000000000037, 0.802945000000004, 0.6715449999999987, 0.5401449999999942, 0.40874499999999775, 0.27734499999999884, 0.1474299999999995, 0.09999999999999726, 0.09999999999999726, 0.09999999999999726, 0.09999999999999726, 0.09999999999999726, 0.09999999999999726, 0.09999999999999726, 0.09999999999999726], "episode_reward": [607961.0674605423, 677912.9113155869, 933532.9052487802, 762506.0072677433, 1173010.964509569, 1383634.9843444214, 920600.9127678084, 1640308.2186944538, 1611363.5788641095, 1634253.2717544641, 1566361.7952617994, 1799802.2801476934, 1617689.8530500266, 1638657.794113554, 1630277.5393454013], "nb_episode_steps": [1460, 1460, 1460, 1460, 1460, 1460, 1460, 1460, 1460, 1460, 1460, 1460, 1460, 1460, 1460], "nb_steps": [1460, 2920, 4380, 5840, 7300, 8760, 10220, 11680, 13140, 14600, 16060, 17520, 18980, 20440, 21900], "episode": [0, 1, 2, 3, 4, 5, 6, 7, 8, 9, 10, 11, 12, 13, 14], "duration": [6.7487181999986205, 8.960798899999645, 8.925280900000871, 9.093359700000292, 8.882943799999339, 8.775496099999145, 8.837742300000173, 9.118406499999764, 9.344926199999463, 8.92453199999909, 9.047089100000449, 8.672625799999878, 8.825470499999938, 8.947509599998739, 9.147458600000391]}