{"loss": [18271362.152763296, 18389492.545205478, 18866264.067465752, 19301874.973630138, 17968014.279452056, 18173686.323630136, 18289347.795205478, 17778069.78732877, 17715533.30890411, 17715086.516438358, 18184460.39349315, 17982147.990753423, 18044329.55719178, 18116778.38493151, 17627477.59041096], "mae": [34985.10918559372, 34975.65151032748, 35749.100626070205, 35865.99803617295, 34758.52627488228, 35008.078530340325, 35129.61648785317, 34761.52734910103, 34394.60398785317, 34507.81982288099, 34858.684282694776, 34863.5850786601, 34954.659090057794, 34946.59317744007, 34259.697992026966], "mean_q": [40764.70618808655, 40781.7378718964, 41768.871091074485, 41559.75165614298, 40371.96244648973, 40683.34477739726, 40740.306983090755, 40423.3476749786, 39880.43978756421, 40116.291451733734, 40467.200013377565, 40482.22095194778, 40590.36426851455, 40539.12579730308, 39750.698584653255], "mean_eps": [0.9118000000000037, 0.802945000000004, 0.6715449999999987, 0.5401449999999942, 0.40874499999999775, 0.27734499999999884, 0.1474299999999995, 0.09999999999999726, 0.09999999999999726, 0.09999999999999726, 0.09999999999999726, 0.09999999999999726, 0.09999999999999726, 0.09999999999999726, 0.09999999999999726], "episode_reward": [519872.8490321919, 675596.4722291464, 879581.7133142373, 1011471.5769426008, 1061170.4019613226, 1363998.1257476262, 1499166.6971459556, 898210.4547136637, 1575769.8046058815, 1491838.9008171973, 1610595.5690273, -365736.34661669534, 1544119.1173150213, 1583651.9537969555, 1552076.862676941], "nb_episode_steps": [1460, 1460, 1460, 1460, 1460, 1460, 1460, 1460, 1460, 1460, 1460, 1460, 1460, 1460, 1460], "nb_steps": [1460, 2920, 4380, 5840, 7300, 8760, 10220, 11680, 13140, 14600, 16060, 17520, 18980, 20440, 21900], "episode": [0, 1, 2, 3, 4, 5, 6, 7, 8, 9, 10, 11, 12, 13, 14], "duration": [8.698810299996694, 10.317162100000132, 9.52616069999931, 9.788167499998963, 10.086338400000386, 11.208451200000127, 11.061052400000335, 9.854809199998272, 11.088060600002791, 11.019293699999253, 10.1724484999977, 10.278471800000261, 11.164906199999677, 10.149545100000978, 9.673910800000158]}