{"loss": [2805414.657162409, 2886810.142594178, 2736921.8059931505, 2805308.6670376714, 2776680.6608090755, 2664579.1034246576, 2756628.452333048, 2845886.766630993, 2834859.3084760276, 2866877.6436429797, 2875919.495333904, 2918121.8956121574, 2874251.1416952056, 2936930.1001070207, 2928553.0689854454], "mae": [2138.8477717012756, 2201.2964801109, 2203.657036350198, 2227.9821540728008, 2235.3955020434237, 2201.972012956175, 2270.8285881983093, 2249.4536529959064, 2222.2744316205585, 2207.277957027906, 2233.322608257973, 2258.658523183326, 2195.321249013404, 2170.7370872184024, 2254.680824927761], "mean_q": [3426.2728611346456, 3469.259751244114, 3510.8605823255566, 3545.390028527665, 3507.504031163046, 3395.4943021591394, 3466.043130953018, 3501.5124011732128, 3419.2691523303724, 3400.7277813637093, 3418.4267435988336, 3398.9124618739297, 3324.4346880351027, 3381.524821242241, 3435.794572386023], "mean_eps": [0.9118000000000037, 0.802945000000004, 0.6715449999999987, 0.5401449999999942, 0.40874499999999775, 0.27734499999999884, 0.1474299999999995, 0.09999999999999726, 0.09999999999999726, 0.09999999999999726, 0.09999999999999726, 0.09999999999999726, 0.09999999999999726, 0.09999999999999726, 0.09999999999999726], "episode_reward": [589769.891825124, 814127.45227815, 1022001.4266364253, 1201092.506329591, 1540918.5300789203, 1536713.933855062, 1607405.7462736994, 1842264.221428997, 1893843.618440699, 1938015.169020363, 1817678.272686779, 1620059.9704538132, 1827804.5611021498, 1766397.208127132, 1831588.686466091], "nb_episode_steps": [1460, 1460, 1460, 1460, 1460, 1460, 1460, 1460, 1460, 1460, 1460, 1460, 1460, 1460, 1460], "nb_steps": [1460, 2920, 4380, 5840, 7300, 8760, 10220, 11680, 13140, 14600, 16060, 17520, 18980, 20440, 21900], "episode": [0, 1, 2, 3, 4, 5, 6, 7, 8, 9, 10, 11, 12, 13, 14], "duration": [7.8380108999990625, 10.831323700000212, 9.812193300000217, 9.376349400001345, 9.615005700001348, 10.850643200003105, 11.073633800002426, 9.609902699998202, 9.831430300000648, 10.693419600000198, 10.04632589999892, 9.533878899997944, 9.954067699996813, 10.393787000000884, 9.907497899999726]}