{"loss": [2649914.8523527114, 2654559.3461686643, 2765709.6666952055, 3027864.8631421234, 2788782.775214041, 2854896.451583904, 2709093.6006849315, 2853447.773608733, 2605572.2639554795, 2822122.762928082, 2593568.7288099313, 2799621.461130137, 2684563.3221960617, 2851339.412157534, 2808051.6248715753], "mae": [2187.568612553156, 2230.231030106218, 2326.9583486060574, 2418.2972274989297, 2404.4078454422624, 2270.7986453539706, 2350.9946217994166, 2245.059865789544, 2329.993395578045, 2302.649338061189, 2364.92302572172, 2172.2420042273116, 2219.285972030849, 2167.694407423882, 2160.505767320607], "mean_q": [3427.845183021458, 3522.365419821543, 3587.297379501552, 3730.4013369207514, 3640.92607839924, 3560.207174724422, 3591.7170346612797, 3451.9868371414814, 3549.1140992883134, 3526.5915197921126, 3617.5861742829625, 3322.7693998153895, 3431.464463659835, 3326.7803113963505, 3272.4931917373447], "mean_eps": [0.9118000000000037, 0.802945000000004, 0.6715449999999987, 0.5401449999999942, 0.40874499999999775, 0.27734499999999884, 0.1474299999999995, 0.09999999999999726, 0.09999999999999726, 0.09999999999999726, 0.09999999999999726, 0.09999999999999726, 0.09999999999999726, 0.09999999999999726, 0.09999999999999726], "episode_reward": [570340.5856306999, 767556.6103169497, 803286.3962570587, 1054710.4821260434, 973219.5103141293, 1429088.395570371, 1565964.9745819, 1626931.2811932939, 1679480.5985373578, 1608577.1648833896, 1112985.7153397521, 1578783.268562554, 1612202.1922697823, 1645474.233365537, 1600838.3449429169], "nb_episode_steps": [1460, 1460, 1460, 1460, 1460, 1460, 1460, 1460, 1460, 1460, 1460, 1460, 1460, 1460, 1460], "nb_steps": [1460, 2920, 4380, 5840, 7300, 8760, 10220, 11680, 13140, 14600, 16060, 17520, 18980, 20440, 21900], "episode": [0, 1, 2, 3, 4, 5, 6, 7, 8, 9, 10, 11, 12, 13, 14], "duration": [13.962430499999755, 17.820414599998912, 18.838522199999716, 16.33774800000174, 19.064595799998642, 18.907575199998973, 18.5834305999997, 16.365103899999667, 20.05935320000208, 19.811850099998992, 19.723398199999792, 17.931203299998742, 16.992319100001623, 17.417696099997556, 18.85518310000043]}