{"loss": [2683285.558524505, 2547243.067123288, 2471221.6971532535, 2539278.6105950344, 2615277.870333904, 2688247.9125428083, 2620691.0776969176, 2664665.0013056505, 2613719.6927011986, 2807138.1761344178, 2768745.8034246573, 2642060.9057363016, 2747444.7483090754, 2768839.6779751712, 2712099.4219178082], "mae": [2242.3395257816574, 2250.6628132023225, 2265.50114645762, 2292.7352890223674, 2322.95060709078, 2361.3513092459066, 2356.371035223138, 2328.7312388798964, 2312.8340716636344, 2279.7960591355413, 2338.8967864572187, 2271.824751260836, 2252.0658399608037, 2267.8834322158605, 2279.977697085028], "mean_q": [3437.117650068838, 3497.436635140197, 3506.397835342198, 3469.8308307804473, 3567.0415478850064, 3610.447780159728, 3615.758706623234, 3585.793031624572, 3546.0354206241973, 3494.111714067851, 3588.2644379080157, 3529.3361657547625, 3544.9466831991117, 3544.417739826359, 3494.8870050299656], "mean_eps": [0.9118000000000037, 0.802945000000004, 0.6715449999999987, 0.5401449999999942, 0.40874499999999775, 0.27734499999999884, 0.1474299999999995, 0.09999999999999726, 0.09999999999999726, 0.09999999999999726, 0.09999999999999726, 0.09999999999999726, 0.09999999999999726, 0.09999999999999726, 0.09999999999999726], "episode_reward": [573084.1803541151, 1019194.7346208852, 1018951.8000824482, 1464563.3498336566, 1432568.3044784914, 1831404.3165721074, 1776284.6824899847, 2003540.321679218, 1994618.633807606, 1983047.9861086789, 1963544.6178670342, 2030290.828875292, 2080099.1219404475, 2044676.908917271, 2041179.1618535207], "nb_episode_steps": [1460, 1460, 1460, 1460, 1460, 1460, 1460, 1460, 1460, 1460, 1460, 1460, 1460, 1460, 1460], "nb_steps": [1460, 2920, 4380, 5840, 7300, 8760, 10220, 11680, 13140, 14600, 16060, 17520, 18980, 20440, 21900], "episode": [0, 1, 2, 3, 4, 5, 6, 7, 8, 9, 10, 11, 12, 13, 14], "duration": [7.186759399999573, 12.219597699999213, 10.8987877999989, 9.993772699999681, 11.266030100001444, 10.518707799999902, 11.01880870000059, 10.272290800001429, 9.717542999998841, 9.539880600001197, 8.52120449999893, 8.900890300001265, 8.714633500001582, 8.55469230000017, 8.534467400000722]}