{"loss": [18717282.844108447, 19600289.798972603, 19436503.657534245, 19393814.682534248, 19447660.619178083, 19126766.84520548, 18951367.219520546, 18394058.03458904, 18286122.626027398, 18326488.42979452, 18489052.739726026, 18931096.33219178, 19474214.95171233, 18848737.329794522, 18604835.692123286], "mae": [34322.20606385232, 34961.51727712971, 34970.06986033818, 35093.26084653253, 35173.80320125214, 35110.223116438356, 34496.04425968536, 34091.802996575345, 34178.78906116224, 34299.38406464041, 34463.56287189641, 34858.793522581334, 35223.94593188142, 35028.95213505993, 34747.891103916954], "mean_q": [39900.852540080814, 40676.924807363015, 40676.124737799655, 40743.31447720462, 40839.21572934504, 40688.24887628425, 39987.249497003424, 39581.454345034246, 39686.2868364726, 39730.41797410103, 40035.19301423373, 40564.86977204623, 40909.24766427654, 40544.792409567635, 40280.069814854454], "mean_eps": [0.9118000000000037, 0.802945000000004, 0.6715449999999987, 0.5401449999999942, 0.40874499999999775, 0.27734499999999884, 0.1474299999999995, 0.09999999999999726, 0.09999999999999726, 0.09999999999999726, 0.09999999999999726, 0.09999999999999726, 0.09999999999999726, 0.09999999999999726, 0.09999999999999726], "episode_reward": [700744.5373018706, 661821.7351265168, 996949.0769273132, 1022575.3163010511, 1179097.7408910051, 1185445.366498759, 1056149.8806640124, 1662647.89868246, 1285300.275251391, 1237737.0620887065, 1582498.6606165604, 1422879.388175358, 1402436.8619694938, 1454991.6407882634, 1406102.2756894878], "nb_episode_steps": [1460, 1460, 1460, 1460, 1460, 1460, 1460, 1460, 1460, 1460, 1460, 1460, 1460, 1460, 1460], "nb_steps": [1460, 2920, 4380, 5840, 7300, 8760, 10220, 11680, 13140, 14600, 16060, 17520, 18980, 20440, 21900], "episode": [0, 1, 2, 3, 4, 5, 6, 7, 8, 9, 10, 11, 12, 13, 14], "duration": [6.171756300000197, 9.135877299999265, 8.546165100000508, 8.38509349999913, 8.882723900000201, 8.799818600000435, 8.839367500000662, 8.828836599999704, 8.80590789999951, 8.834101200000077, 8.69591379999838, 9.623828399999184, 8.995139200000267, 8.809709799999837, 9.221048299999893]}