{"loss": [2744181.343326382, 2910467.4030393837, 2711066.3172945203, 2885825.7733732876, 2834000.1276113014, 2894721.862285959, 2841646.3955907533, 2837586.965860445, 2872472.4580907533, 2647446.3197773974, 2731491.422624144, 2815724.8993578767, 2841159.5432363013, 2758294.516566781, 2674346.0753424657], "mae": [2572.836327259434, 2703.587416055758, 2625.228005270762, 2593.3627965639716, 2587.202557373047, 2573.6928986013754, 2476.335996026862, 2480.2580375775897, 2371.4592475786603, 2287.0198533985713, 2281.924399932443, 2252.526793513886, 2374.9426255317585, 2309.9739018688465, 2376.408858793076], "mean_q": [4005.255804386079, 4163.347686516749, 4036.44928246067, 3933.3980646002783, 3931.1833960964254, 3918.9555224274936, 3775.2766186857875, 3791.9684986689317, 3684.552584044574, 3512.407688590272, 3503.749408042594, 3533.079785490689, 3689.7739277878854, 3610.13035838506, 3584.143402350439], "mean_eps": [0.9118000000000037, 0.802945000000004, 0.6715449999999987, 0.5401449999999942, 0.40874499999999775, 0.27734499999999884, 0.1474299999999995, 0.09999999999999726, 0.09999999999999726, 0.09999999999999726, 0.09999999999999726, 0.09999999999999726, 0.09999999999999726, 0.09999999999999726, 0.09999999999999726], "episode_reward": [471968.25467764045, 719532.8599059875, 961557.1737351533, 1022514.6483832472, 1222320.5585331612, 1474455.1262286373, 1227697.2054807688, 1641020.823872376, 1669118.647641091, 1414062.1110906473, 1350669.9771622946, 1637957.8051972797, 1577484.974643081, 1623028.5815779336, 1560615.187990301], "nb_episode_steps": [1460, 1460, 1460, 1460, 1460, 1460, 1460, 1460, 1460, 1460, 1460, 1460, 1460, 1460, 1460], "nb_steps": [1460, 2920, 4380, 5840, 7300, 8760, 10220, 11680, 13140, 14600, 16060, 17520, 18980, 20440, 21900], "episode": [0, 1, 2, 3, 4, 5, 6, 7, 8, 9, 10, 11, 12, 13, 14], "duration": [11.449971999998525, 13.42963040000177, 13.249642599999788, 14.193275199999334, 14.156362599998829, 14.43523809999897, 14.239948200000072, 14.28016320000097, 14.056978900000104, 14.920743999999104, 15.12909320000108, 15.831186600000365, 14.595100899998215, 14.406546100002743, 14.549007500001608]}