{"loss": [2809001.780826382, 2805608.5313784247, 2813194.288484589, 2893258.1493578767, 2893722.087692637, 2880183.317123288, 2836482.5889126714, 2914529.0738869864, 3007337.425214041, 2953210.936087329, 3006352.3251070203, 2977935.905286815, 2983369.221639555, 2778838.6606164384, 2858632.122067637], "mae": [2744.1746048435057, 2729.9374655527613, 2877.0794846626177, 2987.6489483558967, 2850.316077997913, 2865.728474823416, 2870.3819177078876, 2989.3586601361835, 2929.3511051543774, 3040.3609105776436, 3030.6686304379814, 2924.11099703018, 2898.3298660905393, 2708.5928475993956, 2653.6135283169683], "mean_q": [4237.548263979405, 4260.0469261692, 4439.571539055812, 4569.7521307122215, 4391.406558018514, 4449.1609025511025, 4460.929090860445, 4633.698415594232, 4501.315377013324, 4738.28894795457, 4736.086445847603, 4502.572245893087, 4454.126247959921, 4145.718194998127, 4065.8884563289275], "mean_eps": [0.9118000000000037, 0.802945000000004, 0.6715449999999987, 0.5401449999999942, 0.40874499999999775, 0.27734499999999884, 0.1474299999999995, 0.09999999999999726, 0.09999999999999726, 0.09999999999999726, 0.09999999999999726, 0.09999999999999726, 0.09999999999999726, 0.09999999999999726, 0.09999999999999726], "episode_reward": [510048.7885017615, 938156.7328808631, 1187359.7506134356, 1226020.0167865008, 1535690.5718109047, 1796698.4006082732, 2040050.5636282503, 1963635.5271048446, 1802957.7513626285, 1332921.1894703435, 1579116.9271623327, 1718913.387566197, 1637404.4066830305, 1380551.934556219, 1638960.1665962904], "nb_episode_steps": [1460, 1460, 1460, 1460, 1460, 1460, 1460, 1460, 1460, 1460, 1460, 1460, 1460, 1460, 1460], "nb_steps": [1460, 2920, 4380, 5840, 7300, 8760, 10220, 11680, 13140, 14600, 16060, 17520, 18980, 20440, 21900], "episode": [0, 1, 2, 3, 4, 5, 6, 7, 8, 9, 10, 11, 12, 13, 14], "duration": [9.207038000000466, 11.027594099999988, 13.045997200002603, 12.881627099999605, 13.94952430000194, 11.646326999998564, 11.979652399997576, 11.468343399999867, 12.483984400001646, 13.043582099999185, 12.87126139999964, 13.372989899999084, 15.013254400000733, 13.789794500000426, 14.414635900000576]}