{"loss": [NaN, 114396639.15283842, 13015237.828082193, 3461605.875342466, 2733605.1243150686, 2778831.648630137, 2602111.3339041094, 2009790.4049657534, 1928640.6473458905, 2151130.6372431507], "mae": [NaN, 23309.956302026472, 12733.689882544948, 6041.616195553296, 4017.474136477954, 3478.9855134310787, 3200.7168604184503, 2919.123622779324, 2743.3346907106165, 2707.389936724101], "mean_q": [NaN, 34301.148693367904, 17407.23022260274, 8262.998968589469, 5631.284829837329, 4995.656508187072, 4713.416162778253, 4306.734730843322, 4057.36361234482, 3971.2194549978594], "mean_eps": [NaN, 0.9446499999999991, 0.9179200000000054, 0.8850700000000049, 0.8522200000000044, 0.8193700000000023, 0.7865199999999991, 0.7536699999999981, 0.720819999999999, 0.6879699999999996], "episode_reward": [73662.23161614322, 156132.90875644417, 72554.03713807245, 235969.6713035659, 97442.06936285346, 252622.7680836124, 94103.52040369308, 70895.57265694042, 73942.66307965782, 685307.3122087843], "nb_episode_steps": [365, 365, 365, 365, 365, 365, 365, 365, 365, 365], "nb_steps": [365, 730, 1095, 1460, 1825, 2190, 2555, 2920, 3285, 3650], "episode": [0, 1, 2, 3, 4, 5, 6, 7, 8, 9], "duration": [2.3059091000031913, 7.494851800001925, 8.058118400003877, 8.303989399995771, 7.932924799999455, 8.07051190000493, 8.061730099994747, 8.529433299998345, 8.272043199998734, 8.132361999996647]}