{"loss": [3709949.907586027, 3660893.982191781, 3822865.2504280824], "mae": [3292.2120976134806, 3413.760626304313, 3278.841071309129], "mean_q": [5087.150424993076, 5228.69132983064, 5023.010174644157], "mean_eps": [0.9118000000000037, 0.802945000000004, 0.6715449999999987], "episode_reward": [708285.6983872913, 650188.6715917656, 858526.7900757525], "nb_episode_steps": [1460, 1460, 1460], "nb_steps": [1460, 2920, 4380], "episode": [0, 1, 2], "duration": [10.777724700001272, 15.566221699999005, 15.101313199997094]}