{"loss": [15947070.248696558, 16788826.21130137, 16320834.162328767, 16806590.502054796, 16948895.05239726, 17244661.819178082, 17612911.48630137, 17979696.538356163, 18670557.79041096, 19383309.199657533, 19279632.990753423, 18938724.007534247, 18901024.0130137, 18230040.577054795, 18023995.754109588], "mae": [32562.062884922445, 33106.404219285105, 33271.29643621575, 33517.89697265625, 34131.617778788524, 34126.023050888274, 34602.76304179152, 35039.688950128424, 35912.42123822774, 36475.513093964044, 36297.852028039386, 36192.13428135702, 35975.84503692209, 35500.773828125, 34610.84487371575], "mean_q": [37969.37280858968, 38709.39458208476, 38674.10549015411, 39096.226645440925, 39681.2878130351, 39691.21831121575, 40260.72692369435, 40824.03912403681, 41804.43349475599, 42395.043206870716, 42058.861127461474, 42041.471880351026, 41780.44749571918, 41274.4677921661, 40227.418391481166], "mean_eps": [0.9118000000000037, 0.802945000000004, 0.6715449999999987, 0.5401449999999942, 0.40874499999999775, 0.27734499999999884, 0.1474299999999995, 0.09999999999999726, 0.09999999999999726, 0.09999999999999726, 0.09999999999999726, 0.09999999999999726, 0.09999999999999726, 0.09999999999999726, 0.09999999999999726], "episode_reward": [476449.7854070103, 660462.9745309597, 968148.2225613839, 1140054.2159386063, 1196958.6526361306, 1362359.4015192932, 1603178.3991863374, 1595888.4815472604, -1244575.6428051747, 1567919.2697873032, 1563892.752526231, 1401513.394689509, 840199.2270764931, 1452584.3093485585, 1531280.2355554125], "nb_episode_steps": [1460, 1460, 1460, 1460, 1460, 1460, 1460, 1460, 1460, 1460, 1460, 1460, 1460, 1460, 1460], "nb_steps": [1460, 2920, 4380, 5840, 7300, 8760, 10220, 11680, 13140, 14600, 16060, 17520, 18980, 20440, 21900], "episode": [0, 1, 2, 3, 4, 5, 6, 7, 8, 9, 10, 11, 12, 13, 14], "duration": [6.842077500001324, 9.540527900000598, 9.66769529999874, 8.693903499999578, 9.05398520000017, 10.51802360000147, 9.464287500002683, 8.702892699999211, 8.636107600003015, 8.71806049999941, 8.96523249999882, 9.71970230000079, 10.688618300002418, 9.729401100001269, 9.769810900001175]}