{"loss": [2771778.3244264857, 2612147.037628425, 2666828.5786815067, 2503469.585552226, 2624962.9269049657, 2830062.6352525684, 2825465.191181507, 2772958.5919520548, 2772507.250813356, 2703958.451348459, 2806696.398052226, 2671395.142208904, 2660522.768000856, 2763862.4436001712, 2942900.482405822], "mae": [2158.541203249234, 2153.086292089175, 2165.2319585930813, 2158.601160336847, 2235.459894551316, 2242.448272287029, 2302.4615596405447, 2151.573881886103, 2216.7190405440656, 2177.503004434664, 2145.401727796581, 2174.6301980214575, 2131.5826986234483, 2175.581775236783, 2205.138406413875], "mean_q": [3433.040560438934, 3402.356630424604, 3432.595515170163, 3331.2209427506955, 3468.6433663982234, 3505.3710482662673, 3545.5873735819778, 3411.4535736502035, 3488.2050813021724, 3393.5933471679687, 3392.7747976642763, 3429.6433000120396, 3391.885153407267, 3405.30165597576, 3402.390134210456], "mean_eps": [0.9118000000000037, 0.802945000000004, 0.6715449999999987, 0.5401449999999942, 0.40874499999999775, 0.27734499999999884, 0.1474299999999995, 0.09999999999999726, 0.09999999999999726, 0.09999999999999726, 0.09999999999999726, 0.09999999999999726, 0.09999999999999726, 0.09999999999999726, 0.09999999999999726], "episode_reward": [580928.8110674124, 1025156.8514934249, 1042318.0052706532, 1534156.848003047, 1269378.1125709242, 1663506.3069958768, 1428365.5467031535, 1971612.1633353105, 1968678.7636487316, 1994991.383397262, 1961135.4097420818, 2052993.9522875408, 2009607.1821208315, 2014803.373159209, 2020197.3127310893], "nb_episode_steps": [1460, 1460, 1460, 1460, 1460, 1460, 1460, 1460, 1460, 1460, 1460, 1460, 1460, 1460, 1460], "nb_steps": [1460, 2920, 4380, 5840, 7300, 8760, 10220, 11680, 13140, 14600, 16060, 17520, 18980, 20440, 21900], "episode": [0, 1, 2, 3, 4, 5, 6, 7, 8, 9, 10, 11, 12, 13, 14], "duration": [6.982853100002103, 10.39572169999883, 9.619784299997264, 10.877708200001507, 10.480260999996972, 10.688157900000078, 10.571186299999681, 10.57743030000347, 10.311007800002699, 10.76250390000132, 10.052971100001741, 10.309637499998644, 10.127449200001138, 10.05505329999869, 10.022974799998337]}