{"loss": [17228188.68978102, 17546576.865410957, 17741521.831164382, 17737022.882534247, 18641247.081849314, 18963108.90410959, 18776334.875684932, 18875072.325342465, 19540181.0619863, 19873861.89041096, 19073150.56849315, 19346672.710273974, 19589393.3239726, 19336358.939383563, 19127784.09589041], "mae": [34107.923787392465, 34593.2737010381, 34701.60478248074, 34461.85986194349, 35238.95006421233, 35627.83034567637, 35606.87237264555, 35818.31518354024, 36263.26815871147, 36650.787031785105, 36462.23052226027, 36442.92742669093, 36737.9960750214, 36185.52867615582, 36087.99105843322], "mean_q": [39757.19155696037, 40224.00719445634, 40253.55502193921, 40105.301364511986, 41049.33390946062, 41467.310413099316, 41324.253234696065, 41673.2478916952, 42152.17344017552, 42529.86984696062, 42181.687205693495, 42374.6233786387, 42616.52372645548, 42003.41250535103, 41931.01943225599], "mean_eps": [0.9118000000000037, 0.802945000000004, 0.6715449999999987, 0.5401449999999942, 0.40874499999999775, 0.27734499999999884, 0.1474299999999995, 0.09999999999999726, 0.09999999999999726, 0.09999999999999726, 0.09999999999999726, 0.09999999999999726, 0.09999999999999726, 0.09999999999999726, 0.09999999999999726], "episode_reward": [377571.6000073353, 841222.9278368696, 862313.7712631985, 1006020.7600746354, 1359047.4557385205, 1572870.2189321695, 1548361.9083138378, 1549126.3720595615, 1617019.5624680743, 1571311.5519371482, -755051.2820057833, 1725705.7653969417, 1346601.5466038869, 1616526.9081664116, 1584457.289886782], "nb_episode_steps": [1460, 1460, 1460, 1460, 1460, 1460, 1460, 1460, 1460, 1460, 1460, 1460, 1460, 1460, 1460], "nb_steps": [1460, 2920, 4380, 5840, 7300, 8760, 10220, 11680, 13140, 14600, 16060, 17520, 18980, 20440, 21900], "episode": [0, 1, 2, 3, 4, 5, 6, 7, 8, 9, 10, 11, 12, 13, 14], "duration": [6.809121300000697, 9.061349499999778, 9.183651600000303, 11.214549299998907, 9.341197499998088, 10.037142199998925, 8.504717300002085, 10.52159649999885, 8.992368200000783, 9.108842599998752, 10.028003899999021, 10.00872359999994, 8.524019299999054, 9.095313900001202, 12.099665699999605]}